proposition12,category,c1,oc1,a1,oa1,c2,oc2,a2,oa2,rel
we should attach more importance to cooperation +++$+++ competition can effectively promote the development of economy,attacks,we,should attach,cooperation,more importance,competition,can effectively promote,economy,development,no
through cooperation children can learn about interpersonal skills which are significant in the future life of all students +++$+++ What we acquired from team work is not only how to achieve the same goal with others but more importantly how to get along with others,supports,cooperation children,can learn,interpersonal skills, are significant,team work,acquired to achieve more importantly,goal get along with others,none,no
through cooperation children can learn about interpersonal skills which are significant in the future life of all students +++$+++ During the process of cooperation children can learn about how to listen to opinions of others how to communicate with others how to think comprehensively and even how to compromise with other team members when conflicts occurred,supports,cooperation children,can learn,interpersonal skills, are significant,process of cooperation children,can learn, listen to opinions of others  communicate  think comprehensively compromise  team members  conflicts ,none,no
competition can effectively promote the development of economy +++$+++ In order to survive in the competition companies continue to improve their products and service and as a result the whole society prospers,supports,competition,can effectively promote,economy,development,competition companies,survive  continue to improve,products and service,prospers,no
we should attach more importance to cooperation +++$+++ through cooperation children can learn about interpersonal skills which are significant in the future life of all students,supports,we,should attach,cooperation,more importance,cooperation children,can learn,interpersonal skills, are significant,no
competition makes the society more effective +++$+++ the significance of competition is that how to become more excellence to gain the victory,supports,competition,makes,society,more effective,competition,significance become,victory,excellence to gain ,no
through cooperation children can learn about interpersonal skills which are significant in the future life of all students +++$+++ All of these skills help them to get on well with other people and will benefit them for the whole life,supports,cooperation children,can learn,interpersonal skills, are significant,skills,help,to get on well with other people  ,will benefit,no
we should attach more importance to cooperation +++$+++ without the cooperation there would be no victory of competition,supports,we,should attach,cooperation,more importance,cooperation,no,victory  competition,none,no
we should attach more importance to cooperation +++$+++ a more cooperative attitudes towards life is more profitable in one's success,supports,we,should attach,cooperation,more importance,cooperative attitudes  life,more profitable,success,none,no
without the cooperation there would be no victory of competition +++$+++ when we consider about the question that how to win the game we always find that we need the cooperation,supports,cooperation,no,victory  competition,none,win the game,need,cooperation,none,no
we should attach more importance to cooperation +++$+++ competition makes the society more effective,attacks,we,should attach,cooperation,more importance,competition,makes,society,more effective,no
The winner is the athlete but the success belongs to the whole team +++$+++ Take Olympic games which is a form of competition for instance it is hard to imagine how an athlete could win the game without the training of his or her coach and the help of other professional staffs such as the people who take care of his diet and those who are in charge of the medical care,supports,athlete,winner belongs,success team,none,Olympic games competition,hard to imagine without,win training coach professional staffs,take care,no
without the cooperation there would be no victory of competition +++$+++ The winner is the athlete but the success belongs to the whole team,supports,cooperation,no,victory  competition,none,athlete,winner belongs,success team,none,no
Take Olympic games which is a form of competition for instance it is hard to imagine how an athlete could win the game without the training of his or her coach and the help of other professional staffs such as the people who take care of his diet and those who are in charge of the medical care +++$+++ competition can effectively promote the development of economy,none,Olympic games competition,hard to imagine without,win training coach professional staffs,take care,competition,can effectively promote,economy,development,yes
the significance of competition is that how to become more excellence to gain the victory +++$+++ Take Olympic games which is a form of competition for instance it is hard to imagine how an athlete could win the game without the training of his or her coach and the help of other professional staffs such as the people who take care of his diet and those who are in charge of the medical care,none,competition companies,survive  continue to improve,products and service,prospers,Olympic games competition,hard to imagine without,win training coach professional staffs,take care,yes
Take Olympic games which is a form of competition for instance it is hard to imagine how an athlete could win the game without the training of his or her coach and the help of other professional staffs such as the people who take care of his diet and those who are in charge of the medical care +++$+++ All of these skills help them to get on well with other people and will benefit them for the whole life,none,Olympic games competition,hard to imagine without,win training coach professional staffs,take care,skills,help,to get on well with other people  ,will benefit,yes
competition makes the society more effective +++$+++ What we acquired from team work is not only how to achieve the same goal with others but more importantly how to get along with others,none,competition,makes,society,more effective,team work,acquired to achieve more importantly,goal get along with others,none,yes
In order to survive in the competition companies continue to improve their products and service and as a result the whole society prospers +++$+++ During the process of cooperation children can learn about how to listen to opinions of others how to communicate with others how to think comprehensively and even how to compromise with other team members when conflicts occurred,none,competition companies,survive  continue to improve,products and service,prospers,process of cooperation children,can learn, listen to opinions of others  communicate  think comprehensively compromise  team members  conflicts ,none,yes
During the process of cooperation children can learn about how to listen to opinions of others how to communicate with others how to think comprehensively and even how to compromise with other team members when conflicts occurred +++$+++ competition can effectively promote the development of economy,none,process of cooperation children,can learn, listen to opinions of others  communicate  think comprehensively compromise  team members  conflicts ,none,competition,can effectively promote,economy,development,yes
What we acquired from team work is not only how to achieve the same goal with others but more importantly how to get along with others +++$+++ when we consider about the question that how to win the game we always find that we need the cooperation,none,team work,acquired to achieve more importantly,goal get along with others,none,win the game,need,cooperation,none,yes
In order to survive in the competition companies continue to improve their products and service and as a result the whole society prospers +++$+++ through cooperation children can learn about interpersonal skills which are significant in the future life of all students,none,competition companies,survive  continue to improve,products and service,prospers,cooperation children,can learn,interpersonal skills, are significant,yes
During the process of cooperation children can learn about how to listen to opinions of others how to communicate with others how to think comprehensively and even how to compromise with other team members when conflicts occurred +++$+++ All of these skills help them to get on well with other people and will benefit them for the whole life,none,process of cooperation children,can learn, listen to opinions of others  communicate  think comprehensively compromise  team members  conflicts ,none,skills,help,to get on well with other people  ,will benefit,yes
During the process of cooperation children can learn about how to listen to opinions of others how to communicate with others how to think comprehensively and even how to compromise with other team members when conflicts occurred +++$+++ Take Olympic games which is a form of competition for instance it is hard to imagine how an athlete could win the game without the training of his or her coach and the help of other professional staffs such as the people who take care of his diet and those who are in charge of the medical care,none,process of cooperation children,can learn, listen to opinions of others  communicate  think comprehensively compromise  team members  conflicts ,none,Olympic games competition,hard to imagine without,win training coach professional staffs,take care,yes
sustaining the cultural values of immigrants is paramount essential +++$+++ maintaining one’s cultural identity is a key important rule to help individuals emerge in the new multicultural environments,supports,sustaining  cultural values  immigrants,is paramount essential,none,none,maintaining one’s cultural identity,is a key important,multicultural environments,emerge,no
they are able to sustain their cultural identities +++$+++ they should follow the local customs in order to integrate into their adopted countries’ cultures,attacks,they,are able,sustain  cultural identities,none,they,should follow, local customs adopted countries’ cultures,integrate,no
sustaining the cultural values of immigrants is paramount essential +++$+++ Take Australia for example immigrants from varieties of nations have a day called multicultural day where people from each country prepare their food and traditional activities for displaying in the public venues,supports,sustaining  cultural values  immigrants,is paramount essential,none,none,Australia for example immigrants nations,none, multicultural day  people  country food traditional activities  public venues,none,no
sustaining the cultural values of immigrants is paramount essential +++$+++ Many Australians come this day to enjoy the shows learn about the cultures and admire the diverse values,supports,sustaining  cultural values  immigrants,is paramount essential,none,none,Australians day,enjoy,shows learn cultures admire diverse values,none,no
they are able to sustain their cultural identities +++$+++ it is crucial to keep one’s identity,supports,they,are able,sustain  cultural identities,none,it,is crucial to keep,one’s identity,none,no
sustaining the cultural values of immigrants is paramount essential +++$+++ These feedbacks in turn help raise one’s pride of their cultures and help people understand each other more,supports,sustaining  cultural values  immigrants,is paramount essential,none,none,feedbacks,help raise understand more,one’s pride cultures  people ,none,no
they are able to sustain their cultural identities +++$+++ sustaining the cultural values of immigrants is paramount essential,supports,they,are able,sustain  cultural identities,none,sustaining  cultural values  immigrants,is paramount essential,none,none,no
it is crucial to keep one’s identity +++$+++ they need a connection back to their country as well as teach their children their value of origin,supports,it,is crucial to keep,one’s identity,none,they,need a connection,country teach  children value of origin,none,no
it is crucial to keep one’s identity +++$+++ Fail to create this familiarity makes them felt isolated in the extreme can lead to social disorder like autism,supports,it,is crucial to keep,one’s identity,none,familiarity,Fail to create,isolated social disorder  autism,extreme can lead to ,no
it is crucial to keep one’s identity +++$+++ children immigrated to a new country will face social troubles in school with new friends,supports,it,is crucial to keep,one’s identity,none,children immigrated to a new country, will face, social troubles in school  new friends,none,no
it is crucial to keep one’s identity +++$+++ In this new environment parent should find friends coming from their same country so that they can socialize in a very familiar manner as feeling being home,supports,it,is crucial to keep,one’s identity,none,new environment parent,should find  ,friends coming from their same country socialize,none,no
keeping the cultural traditions in the destination countries is tremendous important +++$+++ they need a connection back to their country as well as teach their children their value of origin,supports,keeping the cultural traditions in the destination countries,is tremendous important,none,none,they,need a connection,country teach  children value of origin familiar manner  feeling being home,none,no
they are able to sustain their cultural identities +++$+++ sustaining the traditions will make the immigrated people keep their cultural identity and give them confident among the many culture society,supports,they,are able,sustain  cultural identities,none,sustaining the traditions,keep give,immigrated people cultural identity confident  culture society,none,no
they are able to sustain their cultural identities +++$+++ keeping the cultural traditions in the destination countries is tremendous important,supports,they,are able,sustain  cultural identities,none,keeping the cultural traditions in the destination countries,is tremendous important,none,none,no
keeping the cultural traditions in the destination countries is tremendous important +++$+++ In this new environment parent should find friends coming from their same country so that they can socialize in a very familiar manner as feeling being home,supports,keeping the cultural traditions in the destination countries,is tremendous important,none,none,new environment parent,should find  ,friends coming from their same country socialize,none,no
keeping the cultural traditions in the destination countries is tremendous important +++$+++ Fail to create this familiarity makes them felt isolated in the extreme can lead to social disorder like autism,supports,keeping the cultural traditions in the destination countries,is tremendous important,none,none,familiarity,Fail to create,isolated social disorder  autism,extreme can lead to ,no
These feedbacks in turn help raise one’s pride of their cultures and help people understand each other more +++$+++ Fail to create this familiarity makes them felt isolated in the extreme can lead to social disorder like autism,none,feedbacks,help raise understand more,one’s pride cultures  people ,none,familiarity,Fail to create,isolated social disorder  autism,extreme can lead to ,yes
maintaining one’s cultural identity is a key important rule to help individuals emerge in the new multicultural environments +++$+++ it is crucial to keep one’s identity,none,maintaining one’s cultural identity,is a key important,multicultural environments,emerge,it,is crucial to keep,one’s identity,none,yes
maintaining one’s cultural identity is a key important rule to help individuals emerge in the new multicultural environments +++$+++ Take Australia for example immigrants from varieties of nations have a day called multicultural day where people from each country prepare their food and traditional activities for displaying in the public venues,none,maintaining one’s cultural identity,is a key important,multicultural environments,emerge,Australia for example immigrants nations,none, multicultural day  people  country food traditional activities  public venues,none,yes
Many Australians come this day to enjoy the shows learn about the cultures and admire the diverse values +++$+++ maintaining one’s cultural identity is a key important rule to help individuals emerge in the new multicultural environments,none,Australians day,enjoy,shows learn cultures admire diverse values,none,maintaining one’s cultural identity,is a key important,multicultural environments,emerge,yes
sustaining the cultural values of immigrants is paramount essential +++$+++ Fail to create this familiarity makes them felt isolated in the extreme can lead to social disorder like autism,none,sustaining  cultural values  immigrants,is paramount essential,none,none,familiarity,Fail to create,isolated social disorder  autism,extreme can lead to ,yes
Fail to create this familiarity makes them felt isolated in the extreme can lead to social disorder like autism +++$+++ they are able to sustain their cultural identities,none,familiarity,Fail to create,isolated social disorder  autism,extreme can lead to ,they,are able,sustain  cultural identities,none,yes
keeping the cultural traditions in the destination countries is tremendous important +++$+++ Take Australia for example immigrants from varieties of nations have a day called multicultural day where people from each country prepare their food and traditional activities for displaying in the public venues,none,keeping the cultural traditions in the destination countries,is tremendous important,none,none,Australia for example immigrants nations,none, multicultural day  people  country food traditional activities  public venues,none,yes
Fail to create this familiarity makes them felt isolated in the extreme can lead to social disorder like autism +++$+++ These feedbacks in turn help raise one’s pride of their cultures and help people understand each other more,none,familiarity,Fail to create,isolated social disorder  autism,extreme can lead to ,feedbacks,help raise understand more,one’s pride cultures  people ,none,yes
Many Australians come this day to enjoy the shows learn about the cultures and admire the diverse values +++$+++ keeping the cultural traditions in the destination countries is tremendous important,none,Australians day,enjoy,shows learn cultures admire diverse values,none,keeping the cultural traditions in the destination countries,is tremendous important,none,none,yes
Take Australia for example immigrants from varieties of nations have a day called multicultural day where people from each country prepare their food and traditional activities for displaying in the public venues +++$+++ they are able to sustain their cultural identities,none,Australia for example immigrants nations,none, multicultural day  people  country food traditional activities  public venues,none,they,are able,sustain  cultural identities,none,yes
tourism has clearly improved lives in the tourist country +++$+++ international tourism promotes many aspects of the destination country’s economy in order to serve various demands of tourists,supports,tourism,has clearly improved,lives  tourist country,none,international tourism,promotes, destination country’s economy demands  tourists,to serve ,no
it has contributed to the economic development as well as preserved the culture and environment of the tourist destinations +++$+++ this international tourism has negative effects on the destination countries,attacks,it,has contributed  preserved,economic development  culture  environment tourist destinations,none,international tourism, has negative effects,destination countries,none,no
it has contributed to the economic development as well as preserved the culture and environment of the tourist destinations +++$+++ tourism has survived many non-tangible cultural values and beauty scenes,supports,it,has contributed  preserved,economic development  culture  environment tourist destinations,none,tourism ,has survived,non-tangible cultural values and beauty scenes,none,no
international tourism promotes many aspects of the destination country’s economy in order to serve various demands of tourists +++$+++ Take Cambodia for example a large number of visitors coming to visit the Angkowat ancient temple need services like restaurants hotels souvenir shops and other stores,supports,international tourism,promotes, destination country’s economy demands  tourists,to serve ,Cambodia visitors Angkowat ancient temple,need,services  restaurants hotels souvenir shops stores,none,no
it has contributed to the economic development as well as preserved the culture and environment of the tourist destinations +++$+++ through tourism industry many cultural values have been preserved and natural environments have been protected,supports,it,has contributed  preserved,economic development  culture  environment tourist destinations,none,tourism industry,have been preserved protected,cultural values natural environments ,none,no
international tourism promotes many aspects of the destination country’s economy in order to serve various demands of tourists +++$+++ These demands trigger related business in the surrounding settings which in turn create many jobs for local people improve infrastructure and living standard,supports,international tourism,promotes, destination country’s economy demands  tourists,to serve ,These demands,trigger,business many jobs local people  infrastructure  living standard, create improve,no
it has contributed to the economic development as well as preserved the culture and environment of the tourist destinations +++$+++ tourism has clearly improved lives in the tourist country,supports,it,has contributed  preserved,economic development  culture  environment tourist destinations,none,none,has clearly improved,lives  tourist country,none,no
tourism has survived many non-tangible cultural values and beauty scenes +++$+++ in Vietnam many cultural costumes and natural scenes namely ‘Trong Dong’ drum performance and ‘Ha Long’ bay are being encouraged to preserve and funded by the tourism ministry,supports,tourism ,has survived,non-tangible cultural values and beauty scenes,none,Vietnam  cultural costumes  natural scenes namely ‘Trong Dong’ drum performance  ‘Ha Long’ bay,are being encouraged,preserve  funded  tourism ministry,none,no
through tourism industry many cultural values have been preserved and natural environments have been protected +++$+++ in Vietnam many cultural costumes and natural scenes namely ‘Trong Dong’ drum performance and ‘Ha Long’ bay are being encouraged to preserve and funded by the tourism ministry,supports,tourism industry,have been preserved protected,cultural values natural environments ,none,Vietnam  cultural costumes  natural scenes namely ‘Trong Dong’ drum performance  ‘Ha Long’ bay,are being encouraged,preserve  funded  tourism ministry,none,no
through tourism industry many cultural values have been preserved and natural environments have been protected +++$+++ Without this support and profit from tourism many traditional cultures would disappear due to its low income works,supports,tourism industry,have been preserved protected,cultural values natural environments ,none,support and profit from tourism,disappear,traditional cultures,none,no
tourism has survived many non-tangible cultural values and beauty scenes +++$+++ Without this support and profit from tourism many traditional cultures would disappear due to its low income works,supports,tourism ,has survived,non-tangible cultural values and beauty scenes,none,support and profit from tourism,disappear,traditional cultures,none,no
it has contributed to the economic development as well as preserved the culture and environment of the tourist destinations +++$+++ international tourism has both triggered economic development and maintained cultural and environment values of the tourist countries,supports,it,has contributed  preserved,economic development  culture  environment tourist destinations,none,international tourism,triggered maintained, economic development  cultural  environment values tourist countries,none,no
Take Cambodia for example a large number of visitors coming to visit the Angkowat ancient temple need services like restaurants hotels souvenir shops and other stores +++$+++ this international tourism has negative effects on the destination countries,none,Cambodia visitors Angkowat ancient temple,need,services  restaurants hotels souvenir shops stores,none,international tourism, has negative effects,destination countries,none,yes
These demands trigger related business in the surrounding settings which in turn create many jobs for local people improve infrastructure and living standard +++$+++ through tourism industry many cultural values have been preserved and natural environments have been protected,none,These demands,trigger,business many jobs local people  infrastructure  living standard, create improve,tourism industry,have been preserved protected,cultural values natural environments ,none,yes
international tourism has both triggered economic development and maintained cultural and environment values of the tourist countries +++$+++ tourism has clearly improved lives in the tourist country,none,international tourism,triggered maintained, economic development  cultural  environment values tourist countries,none,tourism,has clearly improved,lives  tourist country,none,yes
it has contributed to the economic development as well as preserved the culture and environment of the tourist destinations +++$+++ Take Cambodia for example a large number of visitors coming to visit the Angkowat ancient temple need services like restaurants hotels souvenir shops and other stores,none,it,has contributed  preserved,economic development  culture  environment tourist destinations,none,Cambodia visitors Angkowat ancient temple,need,services  restaurants hotels souvenir shops stores,none,yes
international tourism has both triggered economic development and maintained cultural and environment values of the tourist countries +++$+++ These demands trigger related business in the surrounding settings which in turn create many jobs for local people improve infrastructure and living standard,none,international tourism,triggered maintained, economic development  cultural  environment values tourist countries,none,These demands,trigger,business many jobs local people  infrastructure  living standard, create improve,yes
the authorities should adequately support these sustainable developments +++$+++ tourism has clearly improved lives in the tourist country,none,authorities,should adequately support,sustainable developments,none,tourism,has clearly improved,lives  tourist country,none,yes
international tourism promotes many aspects of the destination country’s economy in order to serve various demands of tourists +++$+++ in Vietnam many cultural costumes and natural scenes namely ‘Trong Dong’ drum performance and ‘Ha Long’ bay are being encouraged to preserve and funded by the tourism ministry,none,international tourism,promotes, destination country’s economy demands  tourists,to serve ,Vietnam  cultural costumes  natural scenes namely ‘Trong Dong’ drum performance  ‘Ha Long’ bay,are being encouraged,preserve  funded  tourism ministry,none,yes
tourism has survived many non-tangible cultural values and beauty scenes +++$+++ this international tourism has negative effects on the destination countries,none,tourism ,has survived,non-tangible cultural values and beauty scenes,none,international tourism, has negative effects,destination countries,none,yes
Without this support and profit from tourism many traditional cultures would disappear due to its low income works +++$+++ the authorities should adequately support these sustainable developments,none,support and profit from tourism,disappear,traditional cultures,none,authorities,should adequately support,sustainable developments,none,yes
international tourism can create negative impacts on the destination countries +++$+++ Take Thailand for example in the Vietnam War many American soldiers came to Thailand for a break and involved in sexual and drug activities these huge demands caused many local businesses opened and expanded even illegally involved in under-age prostitutes to maximise their profits,supports,international tourism,can create negative,destination countries,none,Thailand  Vietnam War many American soldiers break  ,involved,sexual drug activities local businesses  under-age prostitutes ,huge demands caused opened  expanded,no
this industry has affected the cultural attributes and damaged the natural environment of the tourist destinations +++$+++ tourism increasingly create harms to the natural habitats of the destination appeals,supports,this industry,has affected  damaged,cultural attributes  natural environment tourist destinations,none,tourism,increasingly create harms,natural habitats destination appeals,none,no
this industry has affected the cultural attributes and damaged the natural environment of the tourist destinations +++$+++ tourism has threatened the nature environments,supports,this industry,has affected  damaged,cultural attributes  natural environment tourist destinations,none,tourism,has threatened,nature environments,none,no
Take Thailand for example in the Vietnam War many American soldiers came to Thailand for a break and involved in sexual and drug activities these huge demands caused many local businesses opened and expanded even illegally involved in under-age prostitutes to maximise their profits +++$+++ This was due to the lack of adequate controls by authorities and lead to a bad image of Thailand tourism,supports,Thailand  Vietnam War many American soldiers break  ,involved,sexual drug activities local businesses  under-age prostitutes ,huge demands caused opened  expanded,This,due to the lack of,controls authorities image  Thailand tourism, lead to a bad,no
this industry has affected the cultural attributes and damaged the natural environment of the tourist destinations +++$+++ tourists from different cultures will probably cause changes to the cultural identity of the tourist destinations,supports,this industry,has affected  damaged,cultural attributes  natural environment tourist destinations,none,tourists from different cultures,probably cause changes, cultural identity tourist destinations,none,no
this industry has affected the cultural attributes and damaged the natural environment of the tourist destinations +++$+++ international tourism can create negative impacts on the destination countries,supports,this industry,has affected  damaged,cultural attributes  natural environment tourist destinations,none,international tourism,can create negative,destination countries,none,no
tourists from different cultures will probably cause changes to the cultural identity of the tourist destinations +++$+++ Take Thailand for example in the Vietnam War many American soldiers came to Thailand for a break and involved in sexual and drug activities these huge demands caused many local businesses opened and expanded even illegally involved in under-age prostitutes to maximise their profits,supports,tourists from different cultures,will probably cause changes,cultural identity  tourist destinations,none,Thailand  Vietnam War many American soldiers break  ,involved,sexual drug activities local businesses  under-age prostitutes ,huge demands caused opened  expanded,no
tourism increasingly create harms to the natural habitats of the destination appeals +++$+++ many marine lives have been endangered in the extremes part of the reef become uninhabitable for these marine species,supports,tourism,increasingly create harms,natural habitats destination appeals,none,marine lives,have been endangered become uninhabitable ,reef  marine species,none,no
tourism has threatened the nature environments +++$+++ many marine lives have been endangered in the extremes part of the reef become uninhabitable for these marine species,supports,tourism,has threatened,nature environments,none,marine lives,have been endangered become uninhabitable ,reef  marine species,none,no
many marine lives have been endangered in the extremes part of the reef become uninhabitable for these marine species +++$+++ As the Australia’s Great Barrier Reef has shown the billion visitors per annum has generated immense destruction to this nature wonder namely breaking the corals caused by walking or throwing boat’s anchors dropping fuel and other sorts of pollutions,supports,marine lives,have been endangered become uninhabitable ,reef  marine species,none,Australia’s Great Barrier Reef ,shown generated immense destruction  breaking,billion visitors per annum,nature wonder  corals  walking or throwing boat’s anchors dropping fuel pollutions,no
this industry has affected the cultural attributes and damaged the natural environment of the tourist destinations +++$+++ tourism has created threatening pressure on both the sociocultural and natural environments,supports,this industry,has affected  damaged,cultural attributes  natural environment tourist destinations,none,none,none,none,none,no
tourism increasingly create harms to the natural habitats of the destination appeals +++$+++ As the Australia’s Great Barrier Reef has shown the billion visitors per annum has generated immense destruction to this nature wonder namely breaking the corals caused by walking or throwing boat’s anchors dropping fuel and other sorts of pollutions,none,tourism,increasingly create harms,natural habitats destination appeals,none,Australia’s Great Barrier Reef ,shown generated immense destruction  breaking,billion visitors per annum,nature wonder  corals  walking or throwing boat’s anchors dropping fuel pollutions,yes
tourism has threatened the nature environments +++$+++ As the Australia’s Great Barrier Reef has shown the billion visitors per annum has generated immense destruction to this nature wonder namely breaking the corals caused by walking or throwing boat’s anchors dropping fuel and other sorts of pollutions,none,tourism,has threatened,nature environments,none,Australia’s Great Barrier Reef ,shown generated immense destruction  breaking,billion visitors per annum,nature wonder  corals  walking or throwing boat’s anchors dropping fuel pollutions,yes
If authorities do not take steps to appropriately conserve these precious values they will be destroyed in the near future +++$+++ international tourism can create negative impacts on the destination countries,none,authorities,not take steps to appropriately conserve, precious values,will be destroyed,international tourism,can create negative,destination countries,none,yes
This was due to the lack of adequate controls by authorities and lead to a bad image of Thailand tourism +++$+++ tourism has created threatening pressure on both the sociocultural and natural environments,none,This,due to the lack of,controls authorities image  Thailand tourism, lead to a bad,tourism,has created threatening pressure,sociocultural  natural environments,none,yes
many marine lives have been endangered in the extremes part of the reef become uninhabitable for these marine species +++$+++ If authorities do not take steps to appropriately conserve these precious values they will be destroyed in the near future,none,marine lives,have been endangered become uninhabitable ,reef  marine species,none,authorities,not take steps to appropriately conserve, precious values,will be destroyed,yes
Take Thailand for example in the Vietnam War many American soldiers came to Thailand for a break and involved in sexual and drug activities these huge demands caused many local businesses opened and expanded even illegally involved in under-age prostitutes to maximise their profits +++$+++ this industry has affected the cultural attributes and damaged the natural environment of the tourist destinations,none,Thailand  Vietnam War many American soldiers break  ,involved,sexual drug activities local businesses  under-age prostitutes ,huge demands caused opened  expanded,this industry,has affected  damaged,cultural attributes  natural environment tourist destinations,none,yes
This was due to the lack of adequate controls by authorities and lead to a bad image of Thailand tourism +++$+++ As the Australia’s Great Barrier Reef has shown the billion visitors per annum has generated immense destruction to this nature wonder namely breaking the corals caused by walking or throwing boat’s anchors dropping fuel and other sorts of pollutions,none,This,due to the lack of,controls authorities image  Thailand tourism, lead to a bad,Australia’s Great Barrier Reef ,shown generated immense destruction  breaking,billion visitors per annum,nature wonder  corals  walking or throwing boat’s anchors dropping fuel pollutions,yes
This was due to the lack of adequate controls by authorities and lead to a bad image of Thailand tourism +++$+++ tourists from different cultures will probably cause changes to the cultural identity of the tourist destinations,none,This,due to the lack of,controls authorities image  Thailand tourism, lead to a bad,tourists from different cultures,will probably cause changes,cultural identity  tourist destinations,none,yes
If authorities do not take steps to appropriately conserve these precious values they will be destroyed in the near future +++$+++ tourism increasingly create harms to the natural habitats of the destination appeals,none,authorities,not take steps to appropriately conserve, precious values,will be destroyed,tourism,increasingly create harms,natural habitats destination appeals,none,yes
one who studies overseas will gain many skills throughout this experience +++$+++ Compared to the peers studying in the home country it will be more likely for the one who is living overseas to be successful in adapting himself/herself into new environments and situations in life,supports,one who studies overseas,will gain,skills throughout  experience,none,peers studying home country,successful,adapting new environments  situations  life,none,no
Compared to the peers studying in the home country it will be more likely for the one who is living overseas to be successful in adapting himself/herself into new environments and situations in life +++$+++ studying at an overseas university gives individuals the opportunity to improve social skills by interacting and communicating with students from different origins and cultures,supports,peers studying home country,successful,adapting new environments  situations  life,none,studying at an overseas university,gives  the opportunity to improve  interacting  communicating,social skills  students different origins  cultures,none,no
one who studies overseas will gain many skills throughout this experience +++$+++ living and studying overseas is an irreplaceable experience when it comes to learn standing on your own feet,supports,one who studies overseas,will gain,skills throughout  experience,none,living and studying overseas,is an irreplaceable,experience learn standing own feet,none,no
living and studying overseas is an irreplaceable experience when it comes to learn standing on your own feet +++$+++ One who is living overseas will of course struggle with loneliness living away from family and friends,attacks,living and studying overseas,is an irreplaceable,experience learn standing own feet,none,who is living overseas,struggle,loneliness living away from family  friends,none,no
living and studying overseas is an irreplaceable experience when it comes to learn standing on your own feet +++$+++ the one will learn living without depending on anyone else,supports,living and studying overseas,is an irreplaceable,experience learn standing own feet,none,the one,learn,living without depending on anyone else,none,no
living and studying overseas gives the individual a new perspective on the subject that is studied or in general life +++$+++ there are many difficulties a student might face when studying and living overseas,attacks,living  studying overseas,new perspective , subject  studied  life,none,student  face,difficulties,studying living overseas,none,no
one who has studied and lived overseas will become more eligible for the job than his/her peers +++$+++ employers are mostly looking for people who have international and language skills,supports,one who has studied and lived overseas,will become more eligible, job peers,none,employers,are mostly looking,people international language skills,none,no
one who studies overseas will gain many skills throughout this experience +++$+++ living and studying overseas gives the individual a new perspective on the subject that is studied or in general life,supports,one who studies overseas,will gain,skills throughout  experience,none,living  studying overseas,new perspective , subject  studied  life,none,no
one who has studied and lived overseas will become more eligible for the job than his/her peers +++$+++ Becoming successful in this study will give the student an edge in job market,supports,one who has studied and lived overseas,will become more eligible, job peers,none,successful study,will give the edge ,student edge  job market,none,no
one who studies overseas will gain many skills throughout this experience +++$+++ one who has studied and lived overseas will become more eligible for the job than his/her peers,supports,one who studies overseas,will gain,skills throughout  experience,none,one who has studied and lived overseas,will become more eligible, job peers,none,no
One who is living overseas will of course struggle with loneliness living away from family and friends +++$+++ those difficulties will turn into valuable experiences in the following steps of life,attacks,who is living overseas,struggle,loneliness living away from family  friends,none,those difficulties,will turn into valuable,experiences following steps  life,none,no
those difficulties will turn into valuable experiences in the following steps of life +++$+++ Becoming successful in this study will give the student an edge in job market,none,those difficulties,will turn into valuable,experiences following steps  life,none,successful study,will give the edge ,student edge  job market,none,yes
living and studying overseas gives the individual a new perspective on the subject that is studied or in general life +++$+++ Compared to the peers studying in the home country it will be more likely for the one who is living overseas to be successful in adapting himself/herself into new environments and situations in life,none,living  studying overseas,new perspective , subject  studied  life,none,peers studying home country,successful,adapting new environments  situations  life,none,yes
living and studying overseas gives the individual a new perspective on the subject that is studied or in general life +++$+++ studying at an overseas university gives individuals the opportunity to improve social skills by interacting and communicating with students from different origins and cultures,none,living  studying overseas,new perspective , subject  studied  life,none,studying at an overseas university,gives  the opportunity to improve  interacting  communicating,social skills  students different origins  cultures,none,yes
there are many difficulties a student might face when studying and living overseas +++$+++ those difficulties will turn into valuable experiences in the following steps of life,none,student  face,difficulties,studying living overseas,none,those difficulties,will turn into valuable,experiences following steps  life,none,yes
studying at an overseas university gives individuals the opportunity to improve social skills by interacting and communicating with students from different origins and cultures +++$+++ one who studies overseas will gain many skills throughout this experience,none,studying at an overseas university,gives  the opportunity to improve  interacting  communicating,social skills  students different origins  cultures,none,one who studies overseas,will gain,skills throughout  experience,none,yes
those difficulties will turn into valuable experiences in the following steps of life +++$+++ one who has studied and lived overseas will become more eligible for the job than his/her peers,none,those difficulties,will turn into valuable,experiences following steps  life,none,one who has studied and lived overseas,will become more eligible, job peers,none,yes
One who is living overseas will of course struggle with loneliness living away from family and friends +++$+++ Becoming successful in this study will give the student an edge in job market,none,who is living overseas,struggle,loneliness living away from family  friends,none,successful study,will give the edge ,student edge  job market,none,yes
studying at an overseas university gives individuals the opportunity to improve social skills by interacting and communicating with students from different origins and cultures +++$+++ Becoming successful in this study will give the student an edge in job market,none,studying at an overseas university,gives  the opportunity to improve  interacting  communicating,social skills  students different origins  cultures,none,successful study,will give the edge ,student edge  job market,none,yes
Compared to the peers studying in the home country it will be more likely for the one who is living overseas to be successful in adapting himself/herself into new environments and situations in life +++$+++ those difficulties will turn into valuable experiences in the following steps of life,none,peers studying home country,successful,adapting new environments  situations  life,none,those difficulties,will turn into valuable,experiences following steps  life,none,yes
it improves self-esteem and confidence +++$+++ people who exercise have higher self esteem and confidence,supports,it ,improves ,self-esteem  confidence,none,people who exercise ,have higher ,self esteem and confidence,none,no
it improves self-esteem and confidence +++$+++ active people are less likely to have depression and anxiety,supports,it ,improves ,self-esteem  confidence,none,active people ,are less likely ,depression  anxiety,none,no
Many people come up with plenty of excuses to not exercise +++$+++ if you truly want to improve your mental and physical health you will find the energy and time to exercise,attacks,Many people ,come up with plenty of excuses ,exercise,to not , mental and physical health ,truly want to improve find,energy  time  exercise,none,no
Excerising is one of the most important things in life +++$+++ it improves self-esteem and confidence,supports,Excerising ,is one of the most important ,things  life,none,it ,improves ,self-esteem  confidence,none,no
Excerising is one of the most important things in life +++$+++ it's really fun,supports,Excerising ,is one of the most important ,things  life,none, it's ,really fun,fun,none,no
the heart doesn't have to work as hard as it does with weak muscles +++$+++ When your heart muscle is strong it can do the same amount of work at a lower heart rate,supports,heart ,doesn't have to work hard,  muscles,weak,heart muscle, is strong it can do ,work  heart rate,lower,no
it improves self-esteem and confidence +++$+++ Most people think of exercising as only being a physical activity,attacks,it ,improves ,self-esteem  confidence,none, people think  exercising ,as only ,physical activity,none,no
it's really fun +++$+++ exercising takes up a lot of time and it requires too much work,attacks, it's ,really fun,fun,none,exercising uch work, takes up a lot of   requires too much, time  work,none,no
Excerising is one of the most important things in life +++$+++ It is a crucial element for living a healthier longer and happier life,supports,Excerising ,is one of the most important ,things  life,none,It ,is a crucial element , living life,a healthier longer  happier ,no
Excerising is one of the most important things in life +++$+++ The number one reason why people should exercise is because it will keep you healthy,supports,Excerising ,is one of the most important ,things  life,none, reason  people  exercise ,will keep, healthy,none,no
Excerising is one of the most important things in life +++$+++ it can even be fun,supports,Excerising ,is one of the most important ,things  life,none, it ,can  be fun,fun,none,no
Everyone should take time out of their days to exercise +++$+++ It is extremely rewarding and worthwhile,supports,Everyone, should take time ,days  exercise,none,It ,is extremely  rewarding  worthwhile,rewarding  worthwhile,none,no
Excerising is one of the most important things in life +++$+++ America's number one killer is cardiovascular diseases which can easily be prevented by exercising,supports,Excerising ,is one of the most important ,things  life,none,America's number one killer  cardiovascular diseases ,easily be prevented,exercising,none,no
Everyone should take time out of their days to exercise +++$+++ they can improve their lives in many ways,supports,Everyone, should take time ,days  exercise,none,they, can improve ,lives ,in many ways,no
Excerising is one of the most important things in life +++$+++ Exercise not only reduces the risk of health problems and various diseases but it also has an effect on overall appearance,supports,Excerising ,is one of the most important ,things  life,none,Exercise ,reduces  risk has an effect,health problems diseases appearance,none,no
Excerising is one of the most important things in life +++$+++ exercising and being active can improve self-esteem and confidence,supports,Excerising ,is one of the most important ,things  life,none,exercising  being active, can improve ,self-esteem  confidence,none,no
The number one reason why people should exercise is because it will keep you healthy +++$+++ this condition can easily be prevented or controlled by exercising,supports, reason  people  exercise ,will keep, healthy,none,condition ,can easily be prevented or controlled by exercising,prevented  controlled  exercising,none,no
it improves self-esteem and confidence +++$+++ it helps relieves tension and stress,supports,it ,improves ,self-esteem  confidence,none, it helps relieves tension and stress,helps relieves ,tension  stress,none,no
The number one reason why people should exercise is because it will keep you healthy +++$+++ cardiovascular diseases are becoming more and more common,supports, reason  people  exercise ,will keep, healthy,none,cardiovascular diseases ,are becoming more and more common,none,none,no
The number one reason why people should exercise is because it will keep you healthy +++$+++ Exercising makes the heart muscles stronger,supports, reason  people  exercise ,will keep, healthy,none,Exercising ,makes  stronger,heart muscles,none,no
it improves self-esteem and confidence +++$+++ Exercising gives people energy which helps people have positive outlooks on life,supports,it ,improves ,self-esteem  confidence,none,Exercising ,gives helps,people energy    outlooks  life,positive,no
cardiovascular diseases are becoming more and more common +++$+++ Americans are eating enormous amounts of fast foods these days,supports,cardiovascular diseases ,are becoming more and more common,none,none,Americans ,none, eating  fast foods ,enormous,no
The number one reason why people should exercise is because it will keep you healthy +++$+++ The main cause for this condition is obesity,supports,reason people exercise ,will keep  ,healthy,none,main cause  this condition ,is obesity,obesity,none,no
it improves self-esteem and confidence +++$+++ when you're exercising you're bringing more oxygen into you lungs and your brain appreciates the extra air,supports,it ,improves ,self-esteem  confidence,none,exercising ,bringing more appreciates,oxygen  lungs brain air,none,no
it improves self-esteem and confidence +++$+++ When you exercise you body releases endorphins which are chemicals that create a happy feeling in brain,supports,it ,improves ,self-esteem  confidence,none,exercise  body, releases  create happy feeling,endorphins  chemicals  brain,none,no
it improves self-esteem and confidence +++$+++ Exercising also helps improve you brain function and your memory,supports,it ,improves ,self-esteem  confidence,none, Exercising ,helps improve ,brain function memory,none,no
cardiovascular diseases are becoming more and more common +++$+++ One out of every four Americans are suffering from some form of cardiovascular diseases which results in more than forty-five percent of deaths annually,supports,cardiovascular diseases ,are becoming more and more common,none,none,One out of every four Americans ,are suffering from which results in ,cardiovascular diseases forty-five percent  deaths annually,none,no
it improves self-esteem and confidence +++$+++ it's also a mental activity,supports,it ,improves ,self-esteem  confidence,none,it's ,is,mental activity,none,no
It is one of the most important things in life +++$+++ Many people come up with plenty of excuses to not exercise,attacks,It ,is one of the most important ,things in life,none,Many people ,come up with plenty of excuses ,exercise,to not ,no
it's really fun +++$+++ When people actually take the time to try exercising they realize it's an enjoyable experience,supports, it's ,really fun,fun,none, people time exercising ,enjoyable ,experience,none,no
The number one reason why people should exercise is because it will keep you healthy +++$+++ Exercising not only helps prevent cardiovascular diseases but it also helps prevent strokes type 2 diabetes and even certain types of cancer,supports, reason  people  exercise ,will keep, healthy,none,Exercising ,helps prevent ,cardiovascular diseases strokes type 2 diabetes cancer,none,no
it's really fun +++$+++ There is no greater feeling than achieving a weight lose goal and being able to feel good about your body,supports, it's ,really fun,fun,none,feeling  ,greater achieving feel good, weight lose goal body,none,no
it's really fun +++$+++ Setting goals and rewards will help you stay motivated and consistent with exercising,supports, it's ,really fun,fun,none,Setting goals rewards ,will help ,stay motivated  consistent  exercising,none,no
it's really fun +++$+++ When you having fun you don't even realize that your exercising and you look forward to it everyday,supports, it's ,really fun,fun,none,fun ,having, exercising ,none,no
Excerising is one of the most important things in life +++$+++ It is one of the most important things in life,supports,Excerising ,is one of the most important ,things  life,none,It ,is one of the most important ,things in life,none,no
The number one reason why people should exercise is because it will keep you healthy +++$+++ the heart doesn't have to work as hard as it does with weak muscles,supports, reason  people  exercise ,will keep, healthy,none,heart ,doesn't have to work hard,  muscles,weak,no
it's really fun +++$+++ It doesn't matter how you exercise as long as you are being active,supports, it's ,really fun,fun,none,how  exercise , doesn't matter ,active,none,no
It is one of the most important things in life +++$+++ exercising is the key to making your life healthier longer and happier,supports,It ,is one of the most important ,things in life,none,exercising ,is the key , life healthier ,longer  happier,no
It is one of the most important things in life +++$+++ it's one hundred percent beneficial,supports,It ,is one of the most important ,things in life,none,it's ,one hundred percent beneficial,none,none,no
The main cause for this condition is obesity +++$+++ The more body fat that you have the greater your risk for heart disease,supports,main cause  this condition ,is obesity,obesity,none, body fat ,greater  risk , heart disease,none,no
it's one hundred percent beneficial +++$+++ It is a crucial element for living a healthier longer and happier life,none,it's ,one hundred percent beneficial,none,none,It, is a crucial element , living  life,healthier longer  happier,yes
Most people think of exercising as only being a physical activity +++$+++ Excerising is one of the most important things in life,none, people think  exercising ,as only ,physical activity,none,Excerising ,is one of the most important ,things  life,none,yes
It is a crucial element for living a healthier longer and happier life +++$+++ they can improve their lives in many ways,none,It ,is a crucial element , living life,a healthier longer  happier ,they, can improve ,lives ,in many ways,yes
Exercising not only helps prevent cardiovascular diseases but it also helps prevent strokes type 2 diabetes and even certain types of cancer +++$+++ exercising and being active can improve self-esteem and confidence,none,Exercising ,helps prevent ,cardiovascular diseases strokes type 2 diabetes cancer,none,exercising  being active, can improve ,self-esteem  confidence,none,yes
it helps relieves tension and stress +++$+++ Exercising not only helps prevent cardiovascular diseases but it also helps prevent strokes type 2 diabetes and even certain types of cancer,none, it helps relieves tension and stress,helps relieves ,tension  stress,none,Exercising ,helps prevent ,cardiovascular diseases strokes type 2 diabetes cancer,none,yes
Excerising is one of the most important things in life +++$+++ it's also a mental activity,none,Excerising ,is one of the most important ,things  life,none,it's ,is,mental activity,none,yes
exercising and being active can improve self-esteem and confidence +++$+++ Most people think of exercising as only being a physical activity,none,exercising  being active, can improve ,self-esteem  confidence,none, people think  exercising ,as only ,physical activity,none,yes
It is extremely rewarding and worthwhile +++$+++ Exercising also helps improve you brain function and your memory,none,It ,is extremely  rewarding  worthwhile,rewarding  worthwhile,none, Exercising ,helps improve ,brain function memory,none,yes
people who exercise have higher self esteem and confidence +++$+++ it helps relieves tension and stress,none,people exercise, have higher ,self esteem and confidence ,none, it helps relieves tension and stress,helps relieves ,tension  stress,none,yes
Exercising not only helps prevent cardiovascular diseases but it also helps prevent strokes type 2 diabetes and even certain types of cancer +++$+++ Many people come up with plenty of excuses to not exercise,none,Exercising ,helps prevent ,cardiovascular diseases strokes type 2 diabetes cancer,none,people ,come up with plenty of excuses ,exercise,to not ,yes
the number of people reading newspapers may continue falling sharply possibly leading to the close-downs of many in the coming time +++$+++ the internet service is being provided at a low cost or even free in many countries,supports,the number of people reading newspapers ,may continue falling sharply possibly leading to the close-downs of many in the coming time,none,none,the internet service, is being provided , cost  countries free, low ,no
the number of people reading newspapers may continue falling sharply possibly leading to the close-downs of many in the coming time +++$+++ The answer perhaps is that hardly would rational people do so,supports,the number of people reading newspapers ,may continue falling sharply possibly leading to the close-downs of many in the coming time,none,none,answer perhaps ,hardly would  do ,rational people,none,no
the number of people reading newspapers may continue falling sharply possibly leading to the close-downs of many in the coming time +++$+++ from the economic aspect buying newspapers appears to be a waste of money when the internet becomes available for every one,supports,the number of people reading newspapers ,may continue falling sharply possibly leading to the close-downs of many in the coming time,none,none,economic aspect ,buying  appears to be a waste ,newspapers money internet ,becomes available ,no
newspapers have lost their competitive advantage to sustain their prolonged existence +++$+++ the print media has failed to keep its important role in the provision of information,supports,newspapers ,have lost ,competitive advantage   existence,advantage prolonged,print media ,has failed to keep  important role ,provision of information,none,no
the print media has failed to keep its important role in the provision of information +++$+++ to obtain information using the internet is quicker and more convenient than reading newspapers,supports,print media ,has failed to keep  important role ,provision of information,none,obtain information nternet ,is quicker  more convenient ,reading newspapers,none,no
the print media has failed to keep its important role in the provision of information +++$+++ Contrary to the past when people had to wait long hours to take a daily newspaper nowadays they can acquire latest news updated every second through their mobile phones or computers connected to the internet everywhere and at anytime,supports,print media ,has failed to keep  important role ,provision of information,none,past  people wait long hours daily newspaper  ,they can acquire, latest news updated  second mobile phones  computers connected  internet everywhere anytime,none,no
newspapers have lost their competitive advantage to sustain their prolonged existence +++$+++ The internet has been more and more popular for recent years providing people with a huge source of information,supports,newspapers ,have lost ,competitive advantage   existence,advantage prolonged,The internet ,has been more  more popular ,recent years people source of information,none,no
the print media has failed to keep its important role in the provision of information +++$+++ these devices and machines are very common in all parts of the world making it easier for people to read a number of things that newspapers can not provide in only some pages,supports,print media ,has failed to keep  important role ,provision of information,none,these devices and machines ,are very common  making it easier ,worldfor people read  things ,none,no
newspapers have lost their competitive advantage to sustain their prolonged existence +++$+++ the number of people reading newspapers may continue falling sharply possibly leading to the close-downs of many in the coming time,supports,newspapers ,have lost ,competitive advantage   existence,advantage prolonged,the number of people reading newspapers ,may continue falling sharply possibly leading to the close-downs of many in the coming time,none,none,no
newspapers have lost their competitive advantage to sustain their prolonged existence +++$+++ newspapers' production will have to face environmentalists on its way to be alive,supports,newspapers ,have lost ,competitive advantage   existence,advantage prolonged, newspapers' production ,will have to face ,environmentalists o be alive,none,no
newspapers' production will have to face environmentalists on its way to be alive +++$+++ when taking environment into consideration people must conceive that the more newspapers are published the more trees are cut down,supports, newspapers' production ,will have to face ,environmentalists o be alive,none, environment  consideration ,conceive  cut down,people newspapers  published   trees  ,none,no
newspapers' production will have to face environmentalists on its way to be alive +++$+++ This is simply the contributor to the deforestation which is happening all over the world today,supports, newspapers' production ,will have to face ,environmentalists o be alive,none,This ,is contributor  ,deforestation all over the world ,none,no
to obtain information using the internet is quicker and more convenient than reading newspapers +++$+++ The answer perhaps is that hardly would rational people do so,none,obtain information nternet ,is quicker  more convenient ,reading newspapers,none,answer perhaps ,hardly would  do ,rational people,none,yes
the number of people reading newspapers may continue falling sharply possibly leading to the close-downs of many in the coming time +++$+++ when taking environment into consideration people must conceive that the more newspapers are published the more trees are cut down,none,the number of people reading newspapers ,may continue falling sharply possibly leading to the close-downs of many in the coming time,none,none, environment  consideration ,conceive  cut down,people newspapers  published   trees  ,none,yes
The internet has been more and more popular for recent years providing people with a huge source of information +++$+++ the print media has failed to keep its important role in the provision of information,none,The internet ,has been more  more popular ,recent years people source of information,none,print media ,has failed to keep  important role ,provision of information,none,yes
The answer perhaps is that hardly would rational people do so +++$+++ the internet service is being provided at a low cost or even free in many countries,none,answer perhaps ,hardly would  do ,rational people,none,the internet service, is being provided , cost  countries free, low ,yes
The answer perhaps is that hardly would rational people do so +++$+++ the print media has failed to keep its important role in the provision of information,none,answer perhaps ,hardly would  do ,rational people,none,print media ,has failed to keep  important role ,provision of information,none,yes
from the economic aspect buying newspapers appears to be a waste of money when the internet becomes available for every one +++$+++ The answer perhaps is that hardly would rational people do so,none,economic aspect ,buying  appears to be a waste ,newspapers money internet ,becomes available ,answer perhaps ,hardly would  do ,rational people,none,yes
newspapers have lost their competitive advantage to sustain their prolonged existence +++$+++ This is simply the contributor to the deforestation which is happening all over the world today,none,newspapers ,have lost ,competitive advantage   existence,advantage prolonged,This ,is contributor  ,deforestation all over the world ,none,yes
The internet has been more and more popular for recent years providing people with a huge source of information +++$+++ these devices and machines are very common in all parts of the world making it easier for people to read a number of things that newspapers can not provide in only some pages,none,The internet ,has been more  more popular ,recent years people source of information,none,these devices and machines ,are very common  making it easier ,worldfor people read  things ,none,yes
there are some serious problems springing from modern technology +++$+++ This can have a detrimental effect on their health,supports,modern technology, serious problems springing  ,none,none,This ,can have a detrimental effect ,health,none,no
there are some serious problems springing from modern technology +++$+++ They abuse them so severely that they feel they can hardly live without them,supports,modern technology, serious problems springing  ,none,none,They ,abuse so severely ,feel  live ,hardly,no
it can contribute greatly to the development of the world +++$+++ there are some serious problems springing from modern technology,attacks,it ,can contribute greatly ,development world ,none,modern technology, serious problems springing  ,none,none,no
This can have a detrimental effect on their health +++$+++ they are likely to develop many dangerous diseases including obesity heart attack and high blood-pressure,supports,This ,can have a detrimental effect , health,none, they ,are likely to develop  dangerous ,diseases  obesity heart attack blood-pressure,none,no
there are some serious problems springing from modern technology +++$+++ a lot of people spend too much time using hi-tech devices nowadays,supports,modern technology, serious problems springing  ,none,none,people ,spend too much time ,hi-tech devices nowadays,none,no
there are some serious problems springing from modern technology +++$+++ deadly and powerful weapons can be a huge threat to the world's peace,supports,modern technology, serious problems springing  ,none,none,deadly  powerful weapons ,can be a huge threat ,world's peace,none,no
it can contribute greatly to the development of the world +++$+++ we need to place less emphasis on technological solutions and more on other values such as economy politics and education,attacks,it ,can contribute greatly ,development world ,none,we place ,need less emphasis  and more on ,technological solutions  economy politics  education,none,no
it can contribute greatly to the development of the world +++$+++ Technology however is not the best solution to all the world's intricate problems,attacks,it ,can contribute greatly ,development world ,none,Technology ,is not the best solution, solution  world's intricate problems,none,no
technology plays an integral part in our lives +++$+++ With the invention of computers and the Internet we now can get easy access to all kinds of information,supports,technology, plays an integral part , our lives ,none,invention of computers  the Internet ,can get easy access , information,none,no
technology plays an integral part in our lives +++$+++ hi-tech devices also have a very positive impact on many aspects of our lives,supports,technology, plays an integral part , our lives ,none, hi-tech devices , have a very positive impact , aspects  our lives,none,no
it can contribute greatly to the development of the world +++$+++ technology plays an integral part in our lives,supports,it ,can contribute greatly ,development world ,none,technology, plays an integral part , our lives ,none,no
technology plays an integral part in our lives +++$+++ Medical advances can improve our health and cure many fatal diseases,supports,technology, plays an integral part , our lives ,none,Medical advances ,can improve cure,our health  fatal diseases,none,no
technology plays an integral part in our lives +++$+++ modern technology enables us to predict natural disasters much faster and more accurately so we can reduce the number of deaths and property damage,supports,technology, plays an integral part , our lives ,none,modern technology ,enables  much faster and more accurately ,predict natural disasters reduce deaths  property damage,none,no
hi-tech devices also have a very positive impact on many aspects of our lives +++$+++ They help us to work and study more efficiently thus leading to an improvement in our abilities,supports, hi-tech devices , have a very positive impact , aspects  our lives,none,They, help more efficiently  leading  improvement ,work  study  abilities,none,no
it can contribute greatly to the development of the world +++$+++ technology is very crucial for our lives,supports,it ,can contribute greatly ,development world ,none,technology ,is very crucial ,our lives,none,no
it can contribute greatly to the development of the world +++$+++ its advantages clearly outweigh its disadvantages,supports,it ,can contribute greatly ,development world ,none, its advantages ,clearly outweigh ,its disadvantages,none,no
This can have a detrimental effect on their health +++$+++ Technology however is not the best solution to all the world's intricate problems,none,This ,can have a detrimental effect , health,none,Technology ,is not the best solution, solution  world's intricate problems,none,yes
technology is very crucial for our lives +++$+++ With the invention of computers and the Internet we now can get easy access to all kinds of information,none,technology ,is very crucial ,our lives,none,invention of computers  the Internet ,can get easy access , information,none,yes
modern technology enables us to predict natural disasters much faster and more accurately so we can reduce the number of deaths and property damage +++$+++ a lot of people spend too much time using hi-tech devices nowadays,none,modern technology ,enables  much faster and more accurately ,predict natural disasters reduce deaths  property damage,none,people ,spend too much time ,hi-tech devices nowadays,none,yes
They help us to work and study more efficiently thus leading to an improvement in our abilities +++$+++ They abuse them so severely that they feel they can hardly live without them,none,They, help more efficiently  leading  improvement ,work  study  abilities,none,They ,abuse so severely ,feel  live ,hardly,yes
Medical advances can improve our health and cure many fatal diseases +++$+++ They abuse them so severely that they feel they can hardly live without them,none,Medical advances ,can improve cure,our health  fatal diseases,none,They ,abuse so severely ,feel  live ,hardly,yes
They abuse them so severely that they feel they can hardly live without them +++$+++ They help us to work and study more efficiently thus leading to an improvement in our abilities,none,They ,abuse so severely ,feel  live ,hardly,They, help more efficiently  leading  improvement ,work  study  abilities,none,yes
we need to place less emphasis on technological solutions and more on other values such as economy politics and education +++$+++ technology plays an integral part in our lives,none,we place ,need less emphasis  and more on ,technological solutions  economy politics  education,none,technology, plays an integral part , our lives ,none,yes
hi-tech devices also have a very positive impact on many aspects of our lives +++$+++ Medical advances can improve our health and cure many fatal diseases,none, hi-tech devices , have a very positive impact , aspects  our lives,none,Medical advances ,can improve cure,our health  fatal diseases,none,yes
deadly and powerful weapons can be a huge threat to the world's peace +++$+++ we need to place less emphasis on technological solutions and more on other values such as economy politics and education,none,deadly  powerful weapons ,can be a huge threat ,world's peace,none,we place ,need less emphasis  and more on ,technological solutions  economy politics  education,none,yes
This can have a detrimental effect on their health +++$+++ a lot of people spend too much time using hi-tech devices nowadays,none,This ,can have a detrimental effect ,health,none,people ,spend too much time ,hi-tech devices nowadays,none,yes
marijuana is addictive and can be abused thus making it mentally unhealthy +++$+++ anything has the potential to be abused even something as simple as food,attacks,marijuana ,is addictive  can be abused ,mentally unhealthy,none,anything ,has the potential to be abused , food,none,no
Teens are susceptible to harsher drugs after trying marijuana +++$+++ they are introduced to these hardcore drugs in the same underground market where they got the marijuana not because it's a gateway drug,supports,Teens ,are susceptible , harsher drugs marijuana ,none,they ,are introduced  hardcore ,drugs  underground market  marijuana  gateway drug,none,no
prohibition has kept marijuana out of children's hands +++$+++ Teens are susceptible to harsher drugs after trying marijuana,supports,prohibition marijuana,has kept  out ,children's hands ,none,Teens ,are susceptible , harsher drugs marijuana ,none,no
you'd have to explain why alcohol and tobacco are legal +++$+++ those substances are way more harmful than cannabis,supports,alcohol  tobacco ,are,legal,none,those substances ,are way more harmful,harmful  cannabis,none,no
prohibition does more harm than good +++$+++ marijuana is physically unhealthy for you and that's why it's illegal,attacks,prohibition ,does more harm than good,harm,none,marijuana , is  unhealthy,physically   unhealthy illegal,none,no
The war on drugs is a complete failure +++$+++ Legalize marijuana and you cut a huge percent of their profits army strength and political power,supports,war  drugs,is a complete failure,failure,none,Legalize marijuana ,cut a huge percent ,percent profits army   political power,strength,no
prohibition has kept marijuana out of children's hands +++$+++ It's a whole lot easier for kids to obtain marijuana as opposed to alcohol or tobacco,attacks,prohibition marijuana,has kept  out ,children's hands ,none, kids marijuana ,lot easier  obtain  ,alcohol  tobacco,none,no
prohibition does more harm than good +++$+++ prohibition has kept marijuana out of children's hands,attacks,prohibition ,does more harm than good,harm,none,prohibition marijuana,has kept  out ,children's hands ,none,no
It's a whole lot easier for kids to obtain marijuana as opposed to alcohol or tobacco +++$+++ A drug dealer doesn't check for ID like a cashier would,supports, kids marijuana ,lot easier  obtain  ,alcohol  tobacco,none,drug dealer ,doesn't check for, ID cashier ,none,no
people have benefited from marijuana whether it was for medical or recreational purposes +++$+++ Many cancer patients have used medical marijuana as a way of dealing with nausea after treatment or stimulating their appetite,supports,people  marijuana  ,have benefited ,medical  recreational purposes,none,Many cancer patients ,have used way of dealing ,medical marijuana  nausea appetite, treatment stimulating ,no
people have benefited from marijuana whether it was for medical or recreational purposes +++$+++ Many musicians admit that cannabis helps them get creative with their music and opens their minds to new ideas and concepts,supports,people  marijuana  ,have benefited ,medical  recreational purposes,none,musicians ,admit helps  get creative opens new ,  cannabis creative music minds ideas  concepts,none,no
prohibition has kept marijuana out of children's hands +++$+++ legalizing this drug would expose more children and teens to it,supports,prohibition marijuana,has kept  out ,children's hands ,none,legalizing  drug ,would expose more ,children  teens ,none,no
The main reason cannabis remains illegal is because lobbyists are making tons of money off of prohibition +++$+++ Pharmaceutical companies lobby against cannabis because at a lower price there are so many drugs painkillers sleep medication it could replace,supports,reason cannabis  illegal ,is   are making tons of ,lobbyists money,none,Pharmaceutical companies lobby , against ,lobby  cannabis drugs painkillers sleep medication,none,no
The legalization of marijuana would help get the economy going again +++$+++ Not to mention it would create tons of jobs and people in prison for marijuana crimes would be released,supports,legalization of marijuana ,would help get going again,economy,none,it, would create tons , jobs  people  prison marijuana crimes ,would be released,no
prohibition does more harm than good +++$+++ The legalization of marijuana would help get the economy going again,supports,prohibition ,does more harm than good,harm,none,legalization of marijuana ,would help get going again,economy,none,no
The legalization of marijuana would help get the economy going again +++$+++ Despite great efforts by the federal government against marijuana it has become a large part of the national economy,supports,legalization of marijuana ,would help get going again,economy,none,efforts federal government against marijuana ,has become a large part ,national economy,none,no
The legalization of marijuana would help get the economy going again +++$+++ if we were to legalize and tax it the government would make tons of profit and we could start paying off this $16trillion national debt,supports,legalization of marijuana ,would help get going again,economy,none, legalize  tax it,would make tons could start paying off , government profit  $16trillion national debt,none,no
Legalize marijuana and you cut a huge percent of their profits army strength and political power +++$+++ Otherwise they're going to do whatever they can to save the marijuana black market,supports,Legalize marijuana ,cut a huge percent of , profits army political power,strength,they, are going to do whatever they can to save,save  marijuana black market,none,no
Not to mention it would create tons of jobs and people in prison for marijuana crimes would be released +++$+++ In a country with only 5 of the earth's population the United States holds 25 of the world's prisoners Marijuana Prison Statistics,supports,it, would create tons , jobs  people  prison marijuana crimes ,would be released,country  5  earth's population  United States, holds ,25 world's prisoners Marijuana Prison Statistics,none,no
prohibition does more harm than good +++$+++ people have benefited from marijuana whether it was for medical or recreational purposes,supports,prohibition ,does more harm than good,harm,none,people  marijuana  ,have benefited ,medical  recreational purposes,none,no
Not to mention it would create tons of jobs and people in prison for marijuana crimes would be released +++$+++ A significant amount of those criminals are in there for drug related crimes,supports,it, would create tons , jobs  people  prison marijuana crimes ,would be released,criminals ,A significant amount are in there for ,drug related crimes,none,no
marijuana is physically unhealthy for you and that's why it's illegal +++$+++ zero people have died from overdosing on pot,attacks,marijuana , is  unhealthy,physically   unhealthy illegal,none, people ,zero have died from ,overdosing  pot,none,no
marijuana is physically unhealthy for you and that's why it's illegal +++$+++ you'd have to explain why alcohol and tobacco are legal,attacks,marijuana , is  unhealthy,physically   unhealthy illegal,none, you'd explain ,have to explain , alcohol  tobacco ,are legal,no
those substances are way more harmful than cannabis +++$+++ 79000 people a year die from alcohol poisoning,supports,those substances ,are way more harmful,harmful  cannabis,none,79000 people a year die ,die from ,alcohol poisoning,none,no
The war on drugs is a complete failure +++$+++ The main reason cannabis remains illegal is because lobbyists are making tons of money off of prohibition,supports,war  drugs,is a complete failure,failure,none,reason cannabis  illegal ,is   are making tons of ,lobbyists money,none,no
prohibition does more harm than good +++$+++ The war on drugs is a complete failure,supports,prohibition ,does more harm than good,harm,none,war  drugs,is a complete failure,failure,none,no
prohibition does more harm than good +++$+++ marijuana is addictive and can be abused thus making it mentally unhealthy,attacks,prohibition ,does more harm than good,harm,none,marijuana ,is addictive  can be abused ,mentally unhealthy,none,no
The war on drugs is a complete failure +++$+++ Another group that benefits greatly from prohibition are the drug cartels,supports,war  drugs,is a complete failure,failure,none,group , benefits greatly from prohibition ,drug cartels,none,no
The war on drugs is a complete failure +++$+++ It's done nothing but waste tax payer dollars fill prisons with non violent criminals and create a black market,supports,war  drugs,is a complete failure,failure,none,It's ,done nothing  waste ,tax payer dollars  prisons criminals black market,none,no
Many cancer patients have used medical marijuana as a way of dealing with nausea after treatment or stimulating their appetite +++$+++ zero people have died from overdosing on pot,none,Many cancer patients ,have used way of dealing ,medical marijuana  nausea appetite, treatment stimulating , people ,zero have died from ,overdosing  pot,none,yes
Another group that benefits greatly from prohibition are the drug cartels +++$+++ It's a whole lot easier for kids to obtain marijuana as opposed to alcohol or tobacco,none,group , benefits greatly from prohibition ,drug cartels,none, kids marijuana ,lot easier  obtain  ,alcohol  tobacco,none,yes
79000 people a year die from alcohol poisoning +++$+++ marijuana is physically unhealthy for you and that's why it's illegal,none,79000 people a year die ,die from ,alcohol poisoning,none,marijuana , is  unhealthy,physically   unhealthy illegal,none,yes
Many musicians admit that cannabis helps them get creative with their music and opens their minds to new ideas and concepts +++$+++ The legalization of marijuana would help get the economy going again,none,musicians ,admit helps  get creative opens new ,  cannabis creative music minds ideas  concepts,none,legalization of marijuana ,would help get going again,economy,none,yes
Otherwise they're going to do whatever they can to save the marijuana black market +++$+++ Not to mention it would create tons of jobs and people in prison for marijuana crimes would be released,none,they, are going to do whatever they can to save,save  marijuana black market,none,none, would create tons , jobs  people  prison marijuana crimes ,would be released,yes
zero people have died from overdosing on pot +++$+++ The legalization of marijuana would help get the economy going again,none, people ,zero have died from ,overdosing  pot,none,legalization of marijuana ,would help get going again,economy,none,yes
prohibition does more harm than good +++$+++ anything has the potential to be abused even something as simple as food,none,prohibition ,does more harm than good,harm,none,anything ,has the potential to be abused ,food,none,yes
prohibition has kept marijuana out of children's hands +++$+++ The main reason cannabis remains illegal is because lobbyists are making tons of money off of prohibition,none,prohibition marijuana,has kept  out ,children's hands ,none,reason cannabis  illegal ,is   are making tons of ,lobbyists money,none,yes
they are introduced to these hardcore drugs in the same underground market where they got the marijuana not because it's a gateway drug +++$+++ legalizing this drug would expose more children and teens to it,none,they ,are introduced  hardcore ,drugs  underground market  marijuana  gateway drug,none,legalizing  drug ,would expose more ,children  teens ,none,yes
prohibition has kept marijuana out of children's hands +++$+++ people have benefited from marijuana whether it was for medical or recreational purposes,none,prohibition marijuana,has kept  out ,children's hands ,none,people  marijuana  ,have benefited ,medical  recreational purposes,none,yes
Same sex marriage being illegal rids the couple of their civil rights +++$+++ Civil rights are something people have worked hard to maintain over the years abolishing slavery and treating women equally,supports,Same sex marriage ,being illegal rids , illegal couple civil rights ,none,Civil rights ,are  worked hard to maintain treating  equally,abolishing slavery treating women ,none,no
The fact that it's in the bible should not dictate the laws against same sex couples becoming wed +++$+++ Laws have been changed for all sexes races' and genders for the same purpose equal rights,supports,bible, should not dictate the laws against , laws against same sex couples becoming wed,none,Laws ,have been changed ,sexes races'  genders equal rights,none,no
The fact that it's in the bible should not dictate the laws against same sex couples becoming wed +++$+++ Not allowing same sex couples to marry is like saying all people born with a certain hair color should not be allowed marry people of other hair colors It makes no sense,supports,bible, should not dictate the laws against , laws against same sex couples becoming wed,none,same sex couples  marry ,is like should not be allowed,people  hair color ,none,no
Same sex marriage should be legal +++$+++ Same sex marriage being illegal rids the couple of their civil rights,supports,Same sex marriage ,being illegal rids , illegal couple civil rights ,none,Same sex marriage ,being illegal rids ,couplecivil rights,none,no
Making same sex marriage illegal also makes the people who are attracted to the same sex feel inferior +++$+++ Nobody likes feeling inferior or like they a below standards,supports,same sex marriage illegal ,also makes feel inferior, people  attracted same sex  inferior,none,Nobody  feeling ,likes feeling inferior  below standards,feeling inferior standards,none,no
Making same sex marriage illegal also makes the people who are attracted to the same sex feel inferior +++$+++ by making sex marriage illegal you are making people who are attracted to the same sex feel and seem inferior to others,supports,same sex marriage illegal ,also makes feel inferior, people  attracted same sex  inferior,none,none,none,none,none,no
The fact that it's in the bible should not dictate the laws against same sex couples becoming wed +++$+++ It is hypocritical to not allow same sex marriage to occur when it appeals to a large growing group of people,supports,bible, should not dictate the laws against , laws against same sex couples becoming wed,none,It hypocritical ,to not allow ,same sex marriage group people,none,no
Same sex marriage should be legal +++$+++ it's no one else's business if two men or two women want to get married,supports,Same sex marriage ,should be legal,legal,none,it's business if two men or two women want to get married,is not business , two men women  get married,none,no
it's unfair to make same sex marriage seem inferior +++$+++ You would never make a women feel inferior for being a women,supports,it's unfair,unfair to make inferior, same sex marriage inferior,none,You ,would never make ,women feel inferior,none,no
Same sex marriage being illegal rids the couple of their civil rights +++$+++ just like women deserve to vote they should be allowed to get married,supports,Same sex marriage ,being illegal rids , illegal couple civil rights ,none,women ,deserve allowed , vote  get married,none,no
Same sex marriage should be legal +++$+++ not allowing them to marry makes them seem inferior,supports,Same sex marriage ,should be legal,legal,none,not allowing them  marry ,makes seem inferior,inferior,none,no
it's unfair to make same sex marriage seem inferior +++$+++ it is hypocritical to deny the full rights and opportunities of citizenship which includes the access to an institution as basic as matrimony,supports,it's unfair,unfair to make inferior, same sex marriage inferior,none,It hypocritical ,to not allow ,same sex marriage group people,none,no
Same sex marriage should be legal +++$+++ it rids them of their civil rights,supports,Same sex marriage ,should be legal,legal,none, it ,rids  of , civil rights,none,no
Same sex marriage should be legal +++$+++ It's wrong to tell two people who love each other that they cannot marry,supports,Same sex marriage ,should be legal,legal,none,It's wrong to tell ,wrong to tell  , people  love marry,none,no
Same sex marriage should be legal +++$+++ There is absolutely no legal logical or governing reason that same sex couples cannot be wed,supports,Same sex marriage ,should be legal,legal,none, legal logical  governing reason ,cannot, same sex couples wed,none,no
Same sex marriage should be legal +++$+++ it's extremely unconstitutional in every way to tell them they can't,supports,Same sex marriage ,should be legal,legal,none,it's  unconstitutional ,unconstitutional, tell they can't,none,no
it's unfair to make same sex marriage seem inferior +++$+++ it is no different,supports,it's unfair,unfair to make inferior, same sex marriage inferior,none,it, is no different,none,none,no
It's wrong to tell two people who love each other that they cannot marry +++$+++ it's nobody's business who you fall in love with,supports,It's wrong to tell ,wrong to tell  , people  love marry,none,it's business if two men or two women want to get married,is not business , two men women  get married,none,no
It's wrong to tell two people who love each other that they cannot marry +++$+++ there is no proof saying that it is wrong for them to have those benefits,supports,It's wrong to tell ,wrong to tell  , people  love marry,none,proof ,no wrong ,benefits,none,no
It's wrong to tell two people who love each other that they cannot marry +++$+++ A common married couple gets benefits on health gets to make decisions that are best for their spouse in extreme cases and gets to inherit their spouse's belongings in death,supports,It's wrong to tell ,wrong to tell  , people  love marry,none, married couple, gets benefits , benefits  health decisions  spouse  spouse's belongings  death,none,no
The fact that it's in the bible should not dictate the laws against same sex couples becoming wed +++$+++ the bible states that it is unholy for couples of the same gender to marry,attacks,bible, should not dictate the laws against , laws against same sex couples becoming wed,none, bible ,states is unholy ,unholy couples same gender  marry,none,no
It's wrong to tell two people who love each other that they cannot marry +++$+++ it is no one's business to tell same sex couples they should not be able wed,supports,It's wrong to tell ,wrong to tell  , people  love marry,none, business  tell,should not be able,same sex couples wed,none,no
The fact that it's in the bible should not dictate the laws against same sex couples becoming wed +++$+++ the word of the bible is comparable to law,attacks,bible, should not dictate the laws against , laws against same sex couples becoming wed,none,word  bible ,is comparable to ,law,none,no
Same sex marriage should be legal +++$+++ The fact that it's in the bible should not dictate the laws against same sex couples becoming wed,supports,Same sex marriage ,should be legal,legal,none,bible, should not dictate the laws against , laws against same sex couples becoming wed,none,no
It's wrong to tell two people who love each other that they cannot marry +++$+++ Same sex couples just want the benefits of being married like everyone else,supports,It's wrong to tell ,wrong to tell  , people  love marry,none,Same sex couples, just want the benefits of,benefits married,none,no
It's wrong to tell two people who love each other that they cannot marry +++$+++ By not allowing them to marry all that America is doing is depriving same sex couples of their rights to care for each other and provide for each other,supports,It's wrong to tell ,wrong to tell  , people  love marry,none,allowing them  marry , is doing is depriving ,America same sex couples rights ,none,no
Same sex marriage being illegal rids the couple of their civil rights +++$+++ Homosexual couples are no different,supports,Same sex marriage ,being illegal rids , illegal couple civil rights ,none,Homosexual couples ,are no different,none,none,no
Same sex marriage being illegal rids the couple of their civil rights +++$+++ They deserve to have their civil rights fulfilled,supports,Same sex marriage ,being illegal rids , illegal couple civil rights ,none,They ,deserve to have  fulfilled,civil rights fulfilled,none,no
we have an amendment which protects our country from that exact situation +++$+++ Congress shall make no law respecting an establishment of religion or prohibiting the free exercise thereof,supports,amendment ,protects ,country  situation,none,Congress ,prohibiting,law   religion free exercise ,none,no
Same sex marriage should be legal +++$+++ They should be allowed the benefits of marriage treated equally not like they are inferior and same sex couples should be allowed their civil rights,supports,Same sex marriage ,should be legal,legal,none,They ,should be allowed  benefits ,benefits  marriage  equally civil rights,none,no
Same sex marriage should be legal +++$+++ Making same sex marriage illegal also makes the people who are attracted to the same sex feel inferior,supports,Same sex marriage ,should be legal,legal,none,same sex marriage illegal ,also makes feel inferior, people  attracted same sex  inferior,none,no
Same sex marriage should be legal +++$+++ same sex couples are really just couples and should be treated as such,supports,Same sex marriage ,should be legal,legal,none,same sex couples ,are really should be treated,couples,none,no
it's unfair to make same sex marriage seem inferior +++$+++ Just like you didn't choose who you love neither did they,supports,it's unfair,unfair to make inferior, same sex marriage inferior,none,women ,deserve allowed , vote  get married,none,no
The fact that it's in the bible should not dictate the laws against same sex couples becoming wed +++$+++ we have an amendment which protects our country from that exact situation,supports,bible, should not dictate the laws against , laws against same sex couples becoming wed,none,amendment ,protects ,country  situation,none,no
Same sex marriage should be legal +++$+++ it's unfair to make same sex marriage seem inferior,supports,Same sex marriage ,should be legal,legal,none,it's unfair,unfair to make inferior, same sex marriage inferior,none,no
it's unfair to make same sex marriage seem inferior +++$+++ Homosexuality is not a conscious choice it's something they are born with,supports,it's unfair,unfair to make inferior, same sex marriage inferior,none,Homosexuality ,is not , conscious choice born with,none,no
Homosexuality is not a conscious choice it's something they are born with +++$+++ One day in the future this will be achieved,none,Homosexuality ,is not , conscious choice born with,none,One day  future ,this will be achieved,achieved,none,yes
just like women deserve to vote they should be allowed to get married +++$+++ They deserve to have their civil rights fulfilled,none,women ,deserve allowed , vote  get married,none,They ,deserve to have  fulfilled,civil rights fulfilled,none,yes
Civil rights are something people have worked hard to maintain over the years abolishing slavery and treating women equally +++$+++ There is absolutely no legal logical or governing reason that same sex couples cannot be wed,none,Civil rights ,are  worked hard to maintain treating  equally,abolishing slavery treating women ,none, legal logical  governing reason ,cannot, same sex couples wed,none,yes
Not allowing same sex couples to marry is like saying all people born with a certain hair color should not be allowed marry people of other hair colors It makes no sense +++$+++ They deserve to have their civil rights fulfilled,none,same sex couples  marry ,is like should not be allowed,people  hair color ,none,They ,deserve to have  fulfilled,civil rights fulfilled,none,yes
not allowing them to marry makes them seem inferior +++$+++ Congress shall make no law respecting an establishment of religion or prohibiting the free exercise thereof,none,not allowing them  marry ,makes seem inferior,inferior,none,Congress ,prohibiting,law   religion free exercise ,none,yes
there is no proof saying that it is wrong for them to have those benefits +++$+++ A common married couple gets benefits on health gets to make decisions that are best for their spouse in extreme cases and gets to inherit their spouse's belongings in death,none,proof ,no wrong ,benefits,none, married couple, gets benefits , benefits  health decisions  spouse  spouse's belongings  death,none,yes
it is no different +++$+++ same sex couples are really just couples and should be treated as such,none,it, is no different,none,none,same sex couples ,are really should be treated,couples,none,yes
it's no one else's business if two men or two women want to get married +++$+++ there is no proof saying that it is wrong for them to have those benefits,none,it's business if two men or two women want to get married,is not business , two men women  get married,none,proof ,no wrong ,benefits,none,yes
Same sex couples just want the benefits of being married like everyone else +++$+++ The fact that it's in the bible should not dictate the laws against same sex couples becoming wed,none,Same sex couples, just want the benefits of,benefits married,none,bible, should not dictate the laws against , laws against same sex couples becoming wed,none,yes
